nazwa_produktu,cena_gospodarstwa,cena_detaliczna_atlanta,cena_detaliczna_chicago,cena_detaliczna_los_angeles,cena_detaliczna_nowy_jork,srednia_marza
Strawberries,0.2745098039215686,2.23,1.7,1.99,2.54,82.33%
Strawberries,0.20448179271708689,2.67,1.89,2.47,2.66,166.21%
Strawberries,0.11204481792717084,2.42,1.89,2.12,2.91,302.59%
Strawberries,0.11204481792717084,2.79,1.95,2.38,2.96,334.48%
Strawberries,0.14285714285714285,2.92,2.04,2.38,3.16,280.43%
Strawberries,0.20168067226890757,3.04,2.31,2.5,3.41,212.78%
Strawberries,0.2521008403361345,3.04,2.94,2.62,3.74,185.65%
Strawberries,0.4565826330532213,2.79,3.07,2.87,3.24,65.33%
Strawberries,0.4565826330532213,2.82,3.06,3.12,3.48,72.38%
Strawberries,0.4761904761904762,2.79,3.07,2.32,3.49,55.19%
Strawberries,0.4761904761904762,2.66,2.99,2.75,2.94,50.80%
Strawberries,0.4761904761904762,2.46,2.31,2.99,3.06,43.88%
Strawberries,0.4397759103641457,2.66,1.88,2.99,2.99,50.29%
Strawberries,0.4061624649859944,3.12,3.65,4.12,3.48,120.40%
Strawberries,0.5798319327731092,2.99,3.36,3.96,3.36,51.89%
Strawberries,0.6862745098039215,3.96,3.44,3.49,5.11,52.09%
Strawberries,0.6862745098039215,2.97,3.31,2.95,5.11,36.31%
Strawberries,0.649859943977591,3.58,3.74,4.99,5.11,74.20%
Strawberries,0.6862745098039215,3.96,4.21,4.24,5.66,71.77%
Strawberries,0.649859943977591,3.71,4.59,4.49,5.71,85.00%
Strawberries,0.7563025210084033,3.86,4.46,4.99,4.09,51.04%
Strawberries,0.8067226890756303,3.16,4.28,4.99,4.95,41.99%
Strawberries,0.8599439775910364,3.66,4.21,3.99,4.95,29.31%
Strawberries,0.7563025210084033,3.71,3.99,3.99,5.16,46.27%
Strawberries,0.7030812324929971,3.36,3.84,3.99,,4.00%
Strawberries,0.5322128851540616,2.99,3.84,3.99,3.86,76.44%
Strawberries,0.557422969187675,2.91,2.99,3.74,3.99,57.03%
Strawberries,0.24649859943977592,3.06,2.92,3.74,3.19,204.48%
Strawberries,0.257703081232493,2.99,2.66,3.24,3.56,182.95%
Strawberries,0.28291316526610644,2.65,2.62,3.12,3.44,148.53%
Strawberries,0.31652661064425774,2.7,2.54,3.04,3.56,125.95%
Strawberries,0.4061624649859944,2.49,2.03,3.12,3.31,67.94%
Strawberries,0.20728291316526615,3.09,2.41,3.24,3.56,234.24%
Strawberries,0.3249299719887956,2.69,2.29,2.57,3.34,103.17%
Strawberries,0.24649859943977592,2.7,2.57,3.49,3.44,187.74%
Strawberries,0.36134453781512604,2.73,3.02,3.24,3.34,109.69%
Strawberries,0.31652661064425774,2.5,2.04,2.55,3.21,96.56%
Strawberries,0.2913165266106443,3.0,2.24,2.5,3.99,140.37%
Strawberries,0.23809523809523814,2.76,2.7,2.87,2.89,172.33%
Strawberries,0.14285714285714285,2.82,2.23,2.75,3.01,291.67%
Strawberries,0.14285714285714285,2.84,2.36,2.87,3.01,301.45%
Strawberries,0.14285714285714285,2.64,2.44,2.75,3.39,306.52%
Strawberries,0.18487394957983194,2.32,2.42,2.75,2.81,206.55%
Strawberries,0.2913165266106443,2.71,2.26,2.66,3.24,122.75%
Strawberries,0.2745098039215686,2.08,2.04,2.09,2.74,92.89%
Strawberries,0.2296918767507003,1.96,1.88,2.87,3.24,148.75%
Strawberries,0.24649859943977592,2.24,1.99,2.25,2.74,117.45%
Strawberries,0.17647058823529416,2.51,2.19,2.49,2.74,206.48%
Strawberries,0.18487394957983194,2.47,1.99,2.62,2.74,192.26%
Strawberries,0.21288515406162467,2.37,2.07,2.99,2.94,175.80%
Strawberries,0.17647058823529416,2.54,1.88,2.75,2.61,201.85%
Strawberries,0.13445378151260506,2.45,1.81,2.12,2.96,253.79%
Strawberries,0.11484593837535013,2.62,1.94,1.75,2.96,292.80%
Strawberries,0.12605042016806722,2.57,2.07,1.62,2.99,267.06%
Strawberries,0.2408963585434174,2.77,2.45,2.75,3.49,175.48%
Strawberries,0.29411764705882354,2.65,2.66,2.75,3.46,134.15%
Strawberries,0.32212885154061627,2.65,2.37,1.87,4.21,108.65%
Strawberries,0.3361344537815126,2.78,3.31,1.87,5.49,143.66%
Strawberries,0.4397759103641457,2.99,2.99,2.75,2.92,66.43%
Strawberries,0.5098039215686274,2.76,2.94,2.56,3.62,48.50%
Strawberries,0.4761904761904762,2.74,2.5,2.12,3.59,45.61%
Strawberries,0.35294117647058826,2.37,2.24,2.66,2.99,78.13%
Strawberries,0.3697478991596639,2.13,3.03,2.75,2.74,77.50%
Strawberries,0.4061624649859944,2.29,2.91,1.89,3.11,56.44%
Strawberries,0.4397759103641457,2.49,2.87,3.62,2.99,71.00%
Strawberries,0.4565826330532213,3.12,3.24,3.37,3.12,77.49%
Strawberries,0.4397759103641457,3.15,3.82,2.99,3.86,97.43%
Strawberries,0.5098039215686274,2.66,3.37,3.99,4.11,76.63%
Strawberries,0.5098039215686274,2.99,3.12,2.62,4.11,60.50%
Strawberries,0.5266106442577031,3.49,2.61,2.69,3.99,55.10%
Strawberries,0.5098039215686274,3.22,2.49,3.74,3.99,68.00%
Strawberries,0.4565826330532213,3.61,2.33,3.74,3.12,76.80%
Strawberries,0.4761904761904762,3.65,3.29,3.99,4.54,105.72%
Strawberries,0.42296918767507,3.84,3.62,3.99,4.74,139.50%
Strawberries,0.4397759103641457,3.86,3.99,4.49,4.82,145.14%
Strawberries,0.4061624649859944,3.29,3.65,4.49,4.24,140.34%
Strawberries,0.6022408963585434,3.41,3.65,4.49,4.49,72.10%
Strawberries,0.7675070028011204,3.24,3.24,3.74,3.11,14.13%
Strawberries,0.4621848739495799,2.99,3.49,3.49,3.11,78.69%
Strawberries,0.3585434173669468,2.83,2.74,2.62,3.36,97.77%
Strawberries,0.257703081232493,2.74,2.74,2.62,3.36,160.45%
Strawberries,0.2661064425770308,2.66,2.99,2.25,3.61,154.65%
Strawberries,0.23529411764705882,2.64,3.36,2.99,3.34,202.21%
Strawberries,0.2661064425770308,2.59,2.62,3.49,3.71,174.56%
Strawberries,0.31092436974789917,2.49,2.49,3.37,3.55,130.62%
Strawberries,0.31092436974789917,2.62,2.37,2.86,3.82,126.16%
Strawberries,0.3361344537815126,2.59,2.41,2.99,3.41,106.52%
Strawberries,0.3081232492997199,2.38,2.29,2.12,3.66,104.10%
Strawberries,0.2913165266106443,2.57,2.36,2.37,3.24,115.98%
Strawberries,0.2745098039215686,2.57,2.41,2.87,3.11,136.21%
Strawberries,0.22128851540616246,2.67,3.0,2.49,2.74,180.93%
Strawberries,0.20448179271708689,2.58,2.31,2.74,2.62,181.59%
Strawberries,0.18487394957983194,2.24,2.24,2.87,2.49,192.86%
Strawberries,0.1512605042016807,2.47,1.99,2.75,3.24,262.85%
Strawberries,0.1512605042016807,2.55,2.87,2.37,2.82,268.40%
Strawberries,0.16806722689075632,2.82,2.32,2.99,2.59,243.59%
Strawberries,0.25490196078431376,2.65,1.72,2.5,2.32,110.78%
Strawberries,0.2745098039215686,2.74,2.32,2.62,2.75,124.78%
Strawberries,0.2913165266106443,2.2,1.55,2.49,3.09,91.19%
Strawberries,0.25490196078431376,2.2,1.98,2.49,3.06,123.17%
Strawberries,0.2913165266106443,2.26,1.99,1.99,2.31,75.20%
Strawberries,0.2296918767507003,2.66,2.24,2.5,2.86,156.50%
Strawberries,0.25490196078431376,1.98,1.83,2.68,2.86,114.45%
Strawberries,0.21288515406162467,2.66,1.81,2.43,3.06,164.89%
Strawberries,0.2184873949579832,2.31,1.81,2.37,2.86,143.49%
Strawberries,0.18207282913165262,2.74,2.25,2.25,2.81,202.71%
Strawberries,0.21288515406162467,2.43,2.11,2.74,3.49,186.44%
Strawberries,0.2296918767507003,2.99,2.24,2.25,3.24,168.00%
Strawberries,0.27170868347338933,2.49,2.5,2.87,3.61,149.35%
Strawberries,0.42296918767507,2.99,2.61,1.87,3.32,59.62%
Strawberries,0.42296918767507,2.74,2.66,2.87,2.86,64.64%
Strawberries,0.39495798319327735,2.74,2.66,2.87,2.86,75.00%
Strawberries,0.4397759103641457,2.57,2.57,3.24,2.87,60.71%
Strawberries,0.4761904761904762,2.49,2.07,3.21,2.61,38.03%
Strawberries,0.4397759103641457,1.99,2.37,2.22,2.99,36.71%
Strawberries,0.4761904761904762,2.74,2.55,3.24,3.0,53.32%
Strawberries,0.5462184873949579,2.74,2.54,3.62,2.99,39.55%
Strawberries,0.5462184873949579,2.99,3.12,3.49,3.74,56.57%
Strawberries,0.5462184873949579,3.32,2.74,3.49,2.87,45.77%
Strawberries,0.5098039215686274,2.99,2.39,2.5,3.99,48.38%
Strawberries,0.4397759103641457,3.24,2.41,3.62,2.99,75.14%
Strawberries,0.4397759103641457,3.49,2.87,3.99,3.24,94.14%
Strawberries,0.4397759103641457,3.0,2.99,3.74,2.99,81.71%
Strawberries,0.42296918767507,3.82,3.0,2.99,3.61,98.52%
Strawberries,0.5630252100840336,3.86,3.49,4.24,4.49,83.56%
Strawberries,0.42296918767507,3.82,4.61,4.49,4.15,152.51%
Strawberries,0.6862745098039215,4.66,4.61,4.62,5.49,84.22%
Strawberries,0.649859943977591,4.66,4.61,4.62,5.49,93.80%
Strawberries,0.6862745098039215,4.66,4.75,4.87,5.24,85.55%
Strawberries,0.7899159663865546,4.49,3.99,4.62,5.49,54.92%
Strawberries,0.7899159663865546,3.16,4.0,3.99,4.99,34.50%
Strawberries,0.06162464985994398,2.62,2.64,3.37,3.65,667.50%
Strawberries,0.27170868347338933,2.69,2.32,2.87,4.32,165.22%
Strawberries,0.2296918767507003,2.62,2.37,2.87,3.24,177.50%
Strawberries,0.28291316526610644,2.74,2.49,2.18,2.99,118.49%
Strawberries,0.2296918767507003,2.37,1.79,2.04,3.11,132.75%
Strawberries,0.19607843137254904,2.37,2.41,2.62,3.49,209.38%
Strawberries,0.19607843137254904,2.37,1.98,2.99,3.32,202.84%
Strawberries,0.19607843137254904,2.5,2.49,2.87,3.61,225.85%
Strawberries,0.2296918767507003,2.62,2.24,2.87,3.61,183.50%
Strawberries,0.31652661064425774,2.57,2.24,2.5,3.61,108.40%
Strawberries,0.35294117647058826,2.69,2.59,2.62,3.49,97.74%
Strawberries,0.31652661064425774,2.87,2.24,2.87,3.34,116.03%
Strawberries,0.2661064425770308,2.83,2.36,2.62,3.49,150.00%
Strawberries,0.2745098039215686,2.74,2.36,2.5,2.74,122.84%
Strawberries,0.2661064425770308,1.91,1.94,2.31,2.86,99.56%
Strawberries,0.2296918767507003,2.49,1.94,2.37,2.74,138.50%
Strawberries,0.22128851540616246,2.5,1.94,2.43,2.99,154.12%
Strawberries,0.22128851540616246,2.75,2.69,2.87,2.61,181.44%
Strawberries,0.28291316526610644,2.62,2.94,1.81,3.11,120.17%
Strawberries,0.25490196078431376,2.62,2.32,2.5,2.99,139.22%
Strawberries,0.2745098039215686,2.62,1.94,2.62,2.61,110.99%
Strawberries,0.28291316526610644,2.24,2.12,2.62,2.74,104.20%
Strawberries,0.2661064425770308,2.5,1.99,3.0,2.49,120.80%
Strawberries,0.2408963585434174,3.24,2.36,2.87,2.95,174.52%
Strawberries,0.2296918767507003,2.69,2.41,2.87,3.61,189.50%
Strawberries,0.3473389355742297,2.88,2.36,2.74,2.49,84.33%
Strawberries,0.42296918767507,2.87,2.31,2.5,4.32,77.51%
Strawberries,0.4117647058823529,2.59,2.23,2.49,3.11,57.88%
Strawberries,0.3473389355742297,2.52,2.36,2.61,3.61,95.42%
Strawberries,0.32212885154061627,2.84,2.74,3.25,3.11,124.44%
Strawberries,0.29971988795518206,3.06,2.37,2.62,2.82,117.40%
Strawberries,0.29971988795518206,2.36,2.25,2.25,2.81,93.40%
Strawberries,0.3361344537815126,2.36,1.87,2.69,3.19,83.15%
Strawberries,0.25490196078431376,1.99,2.29,2.87,2.87,129.82%
Strawberries,0.2296918767507003,2.52,2.62,3.37,2.99,187.50%
Strawberries,0.4397759103641457,3.12,2.62,2.61,2.99,62.00%
Strawberries,0.5098039215686274,3.62,3.87,3.27,4.12,86.00%
Strawberries,0.7198879551820728,3.49,3.24,4.49,5.11,48.45%
Strawberries,0.7899159663865546,3.93,3.62,4.74,4.86,42.92%
Strawberries,0.7563025210084033,3.96,3.83,4.49,4.86,48.78%
Strawberries,0.7198879551820728,3.15,3.24,3.32,4.99,33.64%
Strawberries,0.6862745098039215,3.36,2.99,4.16,3.99,37.83%
Strawberries,0.6862745098039215,2.99,3.12,4.12,3.99,35.17%
Strawberries,0.6862745098039215,3.36,3.74,4.49,3.61,44.49%
Strawberries,0.6862745098039215,3.37,3.99,4.99,4.36,58.84%
Strawberries,0.5266106442577031,3.86,4.12,4.99,4.37,110.44%
Strawberries,0.5266106442577031,4.49,4.99,4.99,5.11,137.62%
Strawberries,0.8963585434173669,4.99,5.74,4.99,4.49,49.48%
Strawberries,1.0,5.32,5.49,4.99,5.66,43.07%
Strawberries,1.0,4.49,4.99,4.99,5.49,33.07%
Strawberries,0.7899159663865546,3.74,3.42,4.24,4.99,36.58%
Strawberries,0.6666666666666666,3.99,3.26,3.99,4.66,55.27%
Strawberries,0.557422969187675,3.31,2.99,3.74,4.66,69.35%
Strawberries,0.4761904761904762,3.24,2.92,3.12,3.81,74.07%
Strawberries,0.45098039215686275,3.11,2.57,3.62,3.99,85.61%
Strawberries,0.4173669467787115,2.99,2.57,3.37,3.49,85.93%
Strawberries,0.3473389355742297,3.36,3.49,3.24,3.99,147.89%
Strawberries,0.2661064425770308,3.36,2.83,3.37,3.99,199.78%
Strawberries,0.29971988795518206,2.86,2.49,3.74,3.99,161.60%
Strawberries,0.31652661064425774,3.24,2.82,3.62,4.24,165.65%
Strawberries,0.31652661064425774,3.41,2.94,3.37,4.49,171.18%
Strawberries,0.3865546218487395,3.16,3.07,3.74,4.49,131.73%
Strawberries,0.4761904761904762,2.92,2.52,3.49,3.99,71.81%
Strawberries,0.4565826330532213,2.74,2.15,3.24,3.99,67.40%
Strawberries,0.3361344537815126,2.49,1.93,2.87,3.87,102.17%
Strawberries,0.24649859943977592,2.11,2.16,2.43,2.74,122.64%
Strawberries,0.2296918767507003,2.44,2.25,2.62,3.24,163.75%
Strawberries,0.2296918767507003,2.32,2.19,2.87,3.24,165.50%
Strawberries,0.2296918767507003,2.24,2.22,2.75,3.12,158.25%
Strawberries,0.25490196078431376,2.44,1.92,2.36,2.99,122.71%
Strawberries,0.24649859943977592,2.32,2.04,2.62,3.24,141.04%
Strawberries,0.2661064425770308,2.32,2.17,3.24,2.74,131.64%
Strawberries,0.23809523809523814,2.49,1.99,2.25,2.99,135.92%
Strawberries,0.20448179271708689,2.57,2.29,2.5,3.37,194.78%
Strawberries,0.20728291316526615,2.5,1.79,2.75,3.74,192.93%
Strawberries,0.3697478991596639,3.52,1.64,3.24,3.74,102.33%
Strawberries,0.3697478991596639,2.82,1.82,2.87,2.62,68.83%
Strawberries,0.3921568627450981,2.29,2.05,2.62,2.37,47.63%
Strawberries,0.36414565826330536,2.22,2.05,1.75,2.87,50.17%
Strawberries,0.288515406162465,2.62,2.12,2.87,2.87,116.53%
Strawberries,0.28291316526610644,2.86,2.0,2.12,2.37,96.43%
Strawberries,0.2661064425770308,2.32,1.62,2.12,2.75,94.91%
Strawberries,0.2184873949579832,2.04,2.07,2.5,2.74,143.49%
Strawberries,0.17647058823529416,2.04,2.32,2.62,3.24,215.43%
Strawberries,0.2296918767507003,2.23,2.32,2.37,2.87,144.75%
Strawberries,0.24649859943977592,2.49,1.99,2.75,2.62,132.31%
Strawberries,0.2661064425770308,2.57,2.32,2.34,3.24,131.64%
Strawberries,0.2661064425770308,2.69,2.49,2.12,2.99,127.65%
Strawberries,0.4397759103641457,2.87,2.09,2.37,2.99,47.43%
Strawberries,0.4761904761904762,2.69,2.49,3.24,3.99,65.03%
Strawberries,0.4397759103641457,2.69,2.49,3.12,3.24,64.86%
Strawberries,0.4397759103641457,2.99,2.97,2.84,3.12,70.29%
Strawberries,0.4397759103641457,2.74,2.74,2.75,3.37,65.71%
Strawberries,0.3361344537815126,3.24,3.79,3.74,3.32,155.25%
Strawberries,0.3361344537815126,3.49,4.09,4.24,4.74,200.00%
Strawberries,0.8263305322128851,4.24,4.96,4.49,5.49,53.19%
Strawberries,0.9299719887955182,4.11,4.84,4.99,6.49,45.93%
Strawberries,0.876750700280112,4.21,4.59,4.99,6.32,51.89%
Strawberries,0.8599439775910364,4.22,4.49,4.49,6.49,51.46%
Strawberries,0.8263305322128851,3.99,3.74,4.24,6.32,46.09%
Strawberries,0.7899159663865546,3.87,3.74,3.99,5.74,44.50%
Strawberries,0.6862745098039215,4.16,3.49,3.37,5.99,61.69%
Strawberries,0.5098039215686274,3.74,3.47,3.99,5.24,105.50%
Strawberries,0.3697478991596639,3.56,3.49,3.74,5.24,167.17%
Strawberries,0.4145658263305322,3.74,3.24,3.62,4.99,134.79%
Strawberries,0.4061624649859944,3.49,3.56,3.49,4.99,138.19%
Strawberries,0.4761904761904762,3.64,3.19,3.62,4.99,105.32%
Strawberries,0.4285714285714286,3.64,3.32,3.99,5.32,137.87%
Strawberries,0.4929971988795518,3.59,3.14,3.99,5.32,106.70%
Strawberries,0.588235294117647,3.24,2.74,3.49,5.24,61.29%
Strawberries,0.4761904761904762,2.72,2.34,3.49,4.66,75.66%
Strawberries,0.4397759103641457,3.01,2.62,2.87,3.37,69.57%
Strawberries,0.31652661064425774,2.36,0.0,0.0,0.0,-54.96%
Strawberries,0.31652661064425774,2.36,2.57,3.12,2.49,101.15%
Strawberries,0.2745098039215686,2.81,2.29,2.62,2.96,130.17%
Strawberries,0.20448179271708689,2.48,1.87,2.5,3.24,177.20%
Strawberries,0.20448179271708689,2.48,1.87,2.5,3.24,177.20%
Strawberries,0.20448179271708689,2.61,2.37,2.62,3.24,197.80%
Strawberries,0.21288515406162467,2.73,2.67,2.62,2.99,192.82%
Strawberries,0.25490196078431376,2.29,2.75,2.87,2.37,135.78%
Strawberries,0.2661064425770308,2.32,2.32,2.75,3.24,135.18%
Strawberries,0.2745098039215686,2.32,2.62,2.75,2.62,122.20%
Strawberries,0.2745098039215686,2.16,2.79,2.0,3.36,122.20%
Strawberries,0.23809523809523814,2.5,2.09,2.75,2.99,150.73%
Strawberries,0.19607843137254904,2.39,2.17,2.37,2.49,167.61%
Strawberries,0.19607843137254904,2.31,2.07,2.87,2.99,190.91%
Strawberries,0.2661064425770308,2.31,2.63,2.37,3.15,131.42%
Strawberries,0.28291316526610644,2.34,2.29,2.87,2.12,102.10%
Strawberries,0.30532212885154064,2.33,1.86,2.0,1.75,56.30%
Strawberries,0.30532212885154064,2.34,2.25,2.56,2.86,97.05%
Strawberries,0.2969187675070028,2.45,2.26,2.31,3.74,116.94%
Strawberries,0.2296918767507003,2.37,2.62,2.06,2.37,135.50%
Strawberries,0.2969187675070028,2.45,2.26,2.31,3.74,116.94%
Strawberries,0.29971988795518206,2.74,2.64,2.75,2.49,112.40%
Strawberries,0.18207282913165262,2.24,2.77,2.37,3.36,223.49%
Strawberries,0.2184873949579832,1.86,2.57,2.62,3.11,164.58%
Strawberries,0.29971988795518206,1.91,2.09,3.12,2.99,102.20%
Strawberries,0.257703081232493,2.16,2.19,2.12,2.49,103.64%
Strawberries,0.29971988795518206,1.67,1.91,2.75,2.87,84.00%
Strawberries,0.2661064425770308,2.29,3.19,2.25,2.62,128.98%
Strawberries,0.2661064425770308,3.49,2.87,3.37,3.49,192.48%
Strawberries,0.3697478991596639,2.99,2.62,2.99,3.49,101.50%
Strawberries,0.5098039215686274,3.24,2.99,3.99,3.37,69.88%
Strawberries,0.5098039215686274,2.87,3.43,2.87,3.37,56.75%
Strawberries,0.5798319327731092,3.11,3.49,3.33,4.24,57.44%
Strawberries,0.6162464985994397,3.36,2.75,3.62,3.24,36.24%
Strawberries,0.6162464985994397,3.36,2.75,3.62,3.24,36.24%
Strawberries,0.6162464985994397,3.36,3.44,3.49,3.99,50.00%
Strawberries,0.6162464985994397,3.54,4.24,3.99,4.99,76.05%
Strawberries,0.7563025210084033,3.86,3.87,3.99,4.66,42.19%
Strawberries,0.6162464985994397,3.35,3.62,3.87,4.74,63.66%
Strawberries,0.5462184873949579,3.61,3.49,3.62,4.74,81.46%
Strawberries,0.6610644257703081,3.39,3.62,3.62,4.74,51.28%
Strawberries,0.48739495798319327,3.14,3.37,3.62,4.74,93.62%
Strawberries,0.34173669467787116,3.06,3.49,2.75,4.11,139.46%
Strawberries,0.4621848739495799,3.14,3.37,3.24,4.11,89.34%
Strawberries,0.34173669467787116,3.06,3.49,2.75,4.11,139.46%
Strawberries,0.3473389355742297,3.14,3.32,2.99,4.11,138.73%
Strawberries,0.3585434173669468,2.94,3.32,2.84,3.99,124.14%
Strawberries,0.3361344537815126,3.01,3.24,2.72,4.74,148.37%
Strawberries,0.3445378151260504,2.89,3.24,3.24,4.24,141.31%
Strawberries,0.3865546218487395,3.09,2.5,2.99,4.32,106.73%
Strawberries,0.35294117647058826,3.09,2.41,2.99,4.37,123.26%
Strawberries,0.3361344537815126,2.62,2.38,2.87,3.24,101.27%
Strawberries,0.2913165266106443,2.16,2.66,2.87,3.74,134.22%
Strawberries,0.23809523809523814,2.24,2.66,2.62,2.99,155.10%
Strawberries,0.19607843137254904,2.12,2.62,2.74,2.99,197.44%
Strawberries,0.20448179271708689,2.12,2.25,2.62,2.99,174.18%
Strawberries,0.19607843137254904,2.24,2.32,1.97,2.96,169.60%
Strawberries,0.22128851540616246,2.24,2.29,2.62,2.71,154.12%
Strawberries,0.25490196078431376,2.06,2.22,2.5,2.74,118.35%
Strawberries,0.2661064425770308,2.12,1.99,2.13,2.61,95.80%
Strawberries,0.24649859943977592,2.19,2.49,2.5,2.86,136.79%
Strawberries,0.2296918767507003,2.12,2.33,2.5,2.32,131.75%
Strawberries,0.22128851540616246,2.19,2.16,2.5,2.99,153.61%
Strawberries,0.22128851540616246,2.04,2.62,2.12,2.61,142.01%
Strawberries,0.2661064425770308,2.12,2.25,2.5,2.99,118.14%
Strawberries,0.28291316526610644,2.24,2.38,2.25,2.74,101.89%
Strawberries,0.23529411764705882,2.12,2.29,1.83,2.15,105.64%
Strawberries,0.16526610644257705,2.12,2.29,2.62,2.74,217.21%
Strawberries,0.18207282913165262,2.0,1.99,1.75,2.74,155.42%
Strawberries,0.17086834733893558,2.29,2.08,2.5,2.74,204.11%
Strawberries,0.17366946778711484,2.64,1.95,2.25,2.54,193.13%
Strawberries,0.17647058823529416,2.49,2.49,2.12,2.62,200.00%
Strawberries,0.2296918767507003,2.37,2.37,2.37,2.37,137.00%
Strawberries,0.3697478991596639,2.46,3.16,3.37,3.24,103.83%
Strawberries,0.42296918767507,2.26,3.16,3.0,3.12,70.71%
Strawberries,0.42296918767507,2.26,2.31,2.62,2.74,46.89%
Strawberries,0.4145658263305322,2.26,2.74,3.37,2.74,67.32%
Strawberries,0.4061624649859944,2.34,2.83,2.87,3.24,73.01%
Strawberries,0.3697478991596639,2.34,2.38,3.16,2.24,68.67%
Strawberries,0.3697478991596639,2.49,2.55,2.62,2.49,69.17%
Strawberries,0.3361344537815126,2.87,2.91,1.97,2.75,90.22%
Strawberries,0.21288515406162467,2.87,2.13,2.99,2.75,185.64%
Strawberries,0.3697478991596639,2.88,2.5,2.99,3.37,95.67%
Strawberries,0.4397759103641457,2.96,2.57,3.0,3.62,73.57%
Strawberries,0.5462184873949579,3.21,3.44,3.62,3.74,64.44%
Strawberries,0.6862745098039215,3.66,3.44,4.12,5.24,56.46%
Strawberries,0.7563025210084033,3.74,3.43,3.99,5.24,42.36%
Strawberries,0.7563025210084033,4.09,3.92,3.99,5.49,51.82%
Strawberries,0.7366946778711484,3.74,3.66,3.74,5.32,46.44%
Strawberries,0.649859943977591,4.24,3.57,3.99,5.24,70.40%
Strawberries,0.6162464985994397,3.29,3.09,3.74,5.66,65.76%
Strawberries,0.5322128851540616,3.11,3.26,3.32,4.74,73.44%
Strawberries,0.4397759103641457,3.07,3.12,3.37,4.24,97.14%
Strawberries,0.3921568627450981,2.82,3.19,2.87,3.99,103.64%
Strawberries,0.3585434173669468,2.82,3.07,2.62,3.87,111.99%
Strawberries,0.31092436974789917,2.79,2.99,2.62,3.87,137.79%
Strawberries,0.31092436974789917,2.82,2.94,2.25,4.24,137.40%
Strawberries,0.29411764705882354,2.82,2.92,2.3,4.24,149.59%
Strawberries,0.29971988795518206,2.77,2.56,2.42,3.74,129.80%
Strawberries,0.29971988795518206,2.77,2.93,2.35,3.62,133.40%
Strawberries,0.28291316526610644,2.89,2.49,2.67,3.62,145.17%
Strawberries,0.24649859943977592,2.72,2.49,2.62,3.24,161.08%
Strawberries,0.23809523809523814,2.61,2.74,2.62,3.49,178.16%
Strawberries,0.23809523809523814,2.47,2.36,2.57,3.87,173.54%
Strawberries,0.2745098039215686,2.27,2.62,2.49,3.82,141.38%
Strawberries,0.2745098039215686,2.27,2.62,2.49,3.82,141.38%
Strawberries,0.23809523809523814,2.27,2.49,2.44,3.37,156.55%
Strawberries,0.20448179271708689,2.26,2.62,2.25,2.66,168.96%
Strawberries,0.044817927170868355,2.44,2.62,2.37,2.99,666.18%
Strawberries,0.21288515406162467,2.12,2.49,1.84,2.74,144.41%
Strawberries,0.20448179271708689,2.0,2.37,2.49,2.74,163.74%
Strawberries,0.20448179271708689,2.24,2.47,2.37,2.99,176.65%
Strawberries,0.20448179271708689,2.02,2.07,2.49,2.99,162.91%
Strawberries,0.20448179271708689,2.12,2.1,1.94,2.99,151.37%
Strawberries,0.20448179271708689,2.17,2.37,1.97,3.12,164.56%
Strawberries,0.19607843137254904,2.4,2.2,2.37,2.99,182.95%
Strawberries,0.18487394957983194,2.2,2.37,2.62,2.99,202.98%
Strawberries,0.2521008403361345,2.32,1.93,2.37,2.99,122.45%
Strawberries,0.25490196078431376,2.07,2.36,2.12,3.24,124.54%
Strawberries,0.25490196078431376,2.07,2.36,2.12,3.24,124.54%
Strawberries,0.2296918767507003,2.07,2.25,1.74,2.49,113.75%
Strawberries,0.24649859943977592,2.12,2.41,2.63,2.99,139.39%
Strawberries,0.23529411764705882,2.37,2.35,2.12,3.24,147.06%
Strawberries,0.28291316526610644,2.44,1.93,2.25,2.99,101.89%
Strawberries,0.32773109243697485,2.21,2.74,2.69,2.49,87.59%
Strawberries,0.3697478991596639,2.44,2.03,2.12,2.24,47.17%
Strawberries,0.3753501400560224,2.44,2.69,3.12,3.12,87.01%
Strawberries,0.3585434173669468,2.24,3.07,1.81,2.74,68.84%
Strawberries,0.31652661064425774,2.14,2.62,2.37,3.49,102.67%
Strawberries,0.29971988795518206,1.74,2.79,2.0,2.37,78.00%
Strawberries,0.3697478991596639,2.41,2.79,2.5,2.62,72.00%
Strawberries,0.4061624649859944,2.37,2.66,2.12,2.24,44.02%
Strawberries,0.4061624649859944,2.49,2.29,2.99,3.12,67.02%
Strawberries,0.3865546218487395,2.96,2.34,2.5,2.5,65.06%
Strawberries,0.35294117647058826,2.87,2.98,3.12,3.24,111.98%
Strawberries,0.3865546218487395,3.09,2.82,2.62,3.24,88.62%
Strawberries,0.4929971988795518,2.92,2.18,3.74,3.49,58.89%
Strawberries,0.4481792717086835,3.06,2.79,3.99,2.99,80.20%
Strawberries,0.4061624649859944,2.94,3.15,3.12,3.12,89.11%
Strawberries,0.2408963585434174,3.57,3.07,4.12,3.99,254.57%
Strawberries,0.31652661064425774,3.81,3.69,4.49,3.74,200.19%
Strawberries,0.6162464985994397,4.11,3.92,4.49,4.24,76.05%
Strawberries,0.34173669467787116,3.75,3.86,4.99,4.99,214.11%
Strawberries,0.6162464985994397,4.01,3.73,4.66,4.99,82.67%
Strawberries,0.5798319327731092,3.25,3.48,4.49,4.74,77.33%
Strawberries,0.5462184873949579,2.94,3.49,3.99,4.24,72.07%
Strawberries,0.42296918767507,2.82,2.69,3.74,3.49,88.46%
Strawberries,0.257703081232493,3.09,3.07,3.49,3.74,204.32%
Strawberries,0.28291316526610644,3.21,3.32,3.24,3.37,176.05%
Strawberries,0.0392156862745098,2.29,3.32,3.82,4.32,974.22%
Strawberries,0.3697478991596639,2.91,3.07,3.25,3.99,120.33%
Strawberries,0.27170868347338933,2.69,2.94,2.87,3.37,158.04%
Strawberries,0.2296918767507003,2.63,2.99,3.0,3.12,193.50%
Strawberries,0.3361344537815126,2.63,2.94,2.87,3.44,115.22%
Strawberries,0.29971988795518206,2.53,2.87,2.74,3.49,132.60%
Strawberries,0.28291316526610644,2.19,2.75,2.37,3.37,124.37%
Strawberries,0.2661064425770308,2.54,2.87,2.74,3.24,151.99%
Strawberries,0.23809523809523814,2.54,2.5,3.12,3.74,188.83%
Strawberries,0.23809523809523814,1.97,2.32,3.24,3.12,158.50%
Strawberries,0.25490196078431376,2.09,2.58,3.24,2.99,150.00%
Strawberries,0.25490196078431376,2.09,2.49,2.62,3.12,136.70%
Strawberries,0.23809523809523814,2.04,2.17,1.71,2.49,104.13%
Strawberries,0.21288515406162467,2.09,2.37,2.62,2.62,157.98%
Strawberries,0.21288515406162467,1.86,2.25,2.0,1.54,103.46%
Strawberries,0.21288515406162467,2.01,1.74,2.37,2.12,119.15%
Strawberries,0.21288515406162467,2.06,2.87,2.43,2.62,165.43%
Strawberries,0.20448179271708689,2.29,3.12,2.75,2.79,200.82%
Strawberries,0.2296918767507003,2.44,2.04,2.49,1.72,117.25%
Strawberries,0.19607843137254904,1.99,2.94,2.75,2.5,189.20%
Strawberries,0.2296918767507003,2.17,2.37,3.12,2.99,166.25%
Strawberries,0.257703081232493,2.36,2.25,1.31,2.25,85.68%
Strawberries,0.257703081232493,2.24,2.94,2.99,2.71,147.27%
Strawberries,0.23529411764705882,2.49,1.75,2.16,1.99,105.64%
Strawberries,0.20168067226890757,2.12,2.87,2.19,2.87,179.17%
Strawberries,0.24649859943977592,2.05,2.37,2.59,2.49,124.06%
Strawberries,0.31652661064425774,2.42,3.32,3.24,2.87,126.15%
Strawberries,0.31652661064425774,2.54,3.37,2.57,2.99,118.89%
Strawberries,0.31652661064425774,2.09,2.94,3.24,3.07,116.41%
Strawberries,0.34173669467787116,2.11,3.12,3.24,2.99,104.64%
Strawberries,0.29971988795518206,2.04,2.87,3.12,2.87,118.00%
Strawberries,0.30532212885154064,1.99,3.44,3.06,2.24,111.22%
Strawberries,0.3697478991596639,2.29,3.37,2.0,2.24,65.00%
Strawberries,0.35294117647058826,2.99,3.49,2.0,2.37,88.37%
Strawberries,0.3697478991596639,3.12,3.25,4.99,3.74,151.67%
Strawberries,0.5098039215686274,3.31,3.0,4.74,3.74,84.88%
Strawberries,0.5098039215686274,3.46,4.12,4.99,3.99,107.00%
Strawberries,0.7198879551820728,2.97,3.87,4.74,4.49,46.09%
Strawberries,0.7563025210084033,3.71,3.5,4.99,4.62,46.01%
Strawberries,1.0,3.99,2.87,3.74,3.12,-8.53%
Strawberries,0.8431372549019608,3.37,3.12,4.74,4.24,21.24%
Strawberries,0.7899159663865546,3.12,2.87,3.49,3.49,8.08%
Strawberries,0.7198879551820728,4.11,3.17,4.37,4.74,49.00%
Strawberries,0.649859943977591,4.06,3.79,3.24,3.49,45.80%
Strawberries,0.6862745098039215,3.99,3.62,3.49,4.74,50.57%
Strawberries,0.5798319327731092,2.75,3.54,3.74,4.74,64.11%
Strawberries,0.588235294117647,3.49,3.37,3.87,2.99,50.44%
Strawberries,0.4761904761904762,2.94,3.0,2.99,3.36,63.43%
Strawberries,0.32773109243697485,2.87,2.75,2.87,3.49,121.85%
Strawberries,0.27170868347338933,2.87,1.75,2.06,3.49,121.09%
Strawberries,0.022408963585434177,2.84,2.54,2.87,2.87,969.23%
Strawberries,0.21288515406162467,2.87,2.47,2.75,2.99,194.68%
Strawberries,0.18487394957983194,2.12,3.37,2.87,2.99,237.80%
Strawberries,0.21288515406162467,2.69,2.95,2.25,2.87,186.17%
Strawberries,0.19607843137254904,2.66,2.7,2.5,2.62,197.73%
Strawberries,0.21288515406162467,2.29,2.42,2.5,2.87,168.09%
Strawberries,0.23809523809523814,2.24,2.45,2.87,2.87,153.16%
Strawberries,0.2745098039215686,1.12,3.07,2.99,1.99,97.63%
Strawberries,0.2745098039215686,2.09,2.39,2.24,2.87,106.68%
Strawberries,0.22128851540616246,1.96,2.74,2.87,2.87,169.07%
Strawberries,0.22128851540616246,1.91,2.66,2.5,2.87,156.19%
Strawberries,0.17086834733893558,1.89,2.75,2.75,2.49,212.66%
Strawberries,0.2184873949579832,1.9,2.87,2.87,2.49,163.80%
Strawberries,0.22128851540616246,1.76,3.24,2.66,2.87,171.39%
Strawberries,0.2184873949579832,2.03,2.37,2.49,3.12,160.68%
Strawberries,0.1876750700280112,1.91,2.12,2.62,2.62,172.65%
Strawberries,0.1512605042016807,1.91,2.62,2.5,2.74,239.24%
Strawberries,0.18207282913165262,1.94,2.94,2.62,2.99,215.96%
Strawberries,0.23529411764705882,1.94,2.19,3.12,2.29,133.82%
Strawberries,0.2661064425770308,1.84,2.24,2.66,3.24,120.80%
Strawberries,0.2633053221288516,2.09,2.75,2.16,2.62,114.73%
Strawberries,0.2605042016806723,1.91,2.37,2.49,2.74,114.19%
Strawberries,0.2661064425770308,2.13,3.12,1.99,1.87,101.55%
Strawberries,0.2745098039215686,2.39,2.74,2.99,2.87,136.85%
Strawberries,0.2521008403361345,2.37,2.5,2.32,2.49,124.07%
Strawberries,0.23809523809523814,2.25,2.87,2.74,2.24,145.15%
Strawberries,0.17647058823529416,1.94,3.37,1.67,2.62,196.30%
Strawberries,0.17086834733893558,1.94,1.87,1.71,2.37,149.68%
Strawberries,0.19047619047619047,2.62,3.91,3.24,2.99,270.93%
Strawberries,0.24649859943977592,2.59,3.0,2.25,2.99,155.42%
Strawberries,0.4145658263305322,3.03,3.25,3.99,3.49,107.23%
Strawberries,0.4397759103641457,2.99,3.25,1.66,3.49,62.71%
Strawberries,0.484593837535014,3.32,2.99,4.74,4.32,101.18%
Strawberries,0.17366946778711484,2.64,4.66,4.24,4.99,416.56%
Strawberries,0.6778711484593838,3.12,2.75,4.74,4.74,47.60%
Strawberries,0.6330532212885154,3.86,4.12,4.99,4.49,78.89%
Strawberries,0.6162464985994397,3.86,4.37,4.99,4.74,88.66%
Strawberries,0.649859943977591,3.61,3.37,4.66,3.74,53.80%
Strawberries,0.7731092436974789,3.62,3.66,4.99,3.87,37.24%
Strawberries,0.7647058823529412,3.12,2.99,4.74,3.62,24.31%
Strawberries,0.7563025210084033,3.16,3.87,4.49,3.99,34.64%
Strawberries,0.7563025210084033,3.16,3.87,4.99,4.74,45.49%
Strawberries,0.7366946778711484,3.7,3.49,4.32,4.24,40.12%
Strawberries,0.5462184873949579,3.59,3.54,4.24,4.37,84.74%
Strawberries,0.43137254901960786,3.59,2.96,3.62,4.62,114.97%
Strawberries,0.37254901960784315,3.21,3.24,3.74,4.37,141.06%
Strawberries,0.3753501400560224,3.32,3.37,3.99,4.24,145.39%
Strawberries,0.380952380952381,3.34,3.49,3.66,4.49,143.18%
Strawberries,0.5322128851540616,3.24,2.89,3.74,3.74,63.58%
Strawberries,0.5294117647058822,3.12,3.24,3.99,2.37,53.62%
Strawberries,0.4705882352941177,2.61,3.24,3.12,3.99,74.19%
Strawberries,0.4397759103641457,2.99,2.67,3.49,3.37,78.86%
Strawberries,0.3389355742296919,2.67,2.51,2.74,3.37,103.06%
Strawberries,0.32212885154061627,2.82,3.24,3.32,2.99,132.52%
Strawberries,0.28291316526610644,2.61,2.39,2.99,2.94,129.62%
Strawberries,0.24369747899159666,2.46,2.59,2.49,2.99,150.71%
Strawberries,0.0392156862745098,2.62,4.99,2.12,3.24,913.28%
Strawberries,0.25490196078431376,2.66,2.29,2.99,2.99,150.69%
Strawberries,0.2296918767507003,2.14,3.07,2.99,3.24,186.00%
Strawberries,0.2521008403361345,2.19,2.75,2.99,2.86,149.77%
Strawberries,0.2633053221288516,2.16,3.37,2.99,2.99,156.92%
Strawberries,0.25490196078431376,2.02,2.62,1.87,2.5,106.65%
Strawberries,0.22689075630252103,2.19,3.12,2.87,2.54,170.71%
Strawberries,0.21288515406162467,2.22,3.37,2.19,2.87,183.24%
Strawberries,0.19607843137254904,2.12,2.37,2.24,2.54,163.35%
Strawberries,0.18487394957983194,2.09,2.87,2.25,2.75,196.43%
Strawberries,0.2100840336134454,1.94,2.41,2.62,2.75,161.29%
Strawberries,0.1988795518207283,2.39,2.81,2.37,2.87,193.26%
Strawberries,0.1568627450980392,1.91,2.62,2.87,2.49,234.12%
Strawberries,0.2100840336134454,1.99,2.87,2.5,2.62,168.28%
Strawberries,0.21568627450980393,2.12,2.58,2.67,2.49,159.47%
Strawberries,0.2100840336134454,2.22,3.16,2.5,2.99,192.20%
Strawberries,0.2184873949579832,1.95,2.54,3.12,2.74,169.53%
Strawberries,0.21288515406162467,2.01,3.74,2.62,2.87,198.94%
Strawberries,0.24649859943977592,2.04,2.99,2.0,2.66,128.54%
Strawberries,0.2689075630252101,2.37,2.82,2.25,2.25,112.50%
Strawberries,0.20168067226890757,2.16,2.69,2.25,2.37,163.06%
Strawberries,0.1876750700280112,2.63,3.37,3.0,3.24,260.00%
Strawberries,0.2689075630252101,2.29,2.41,1.75,2.87,104.39%
Strawberries,0.2801120448179272,1.71,3.37,2.66,3.37,135.38%
Strawberries,0.2408963585434174,1.85,2.49,1.99,2.43,110.58%
Strawberries,0.257703081232493,2.19,2.49,3.24,2.62,139.55%
Strawberries,0.35294117647058826,2.02,3.87,2.19,2.99,92.19%
Strawberries,0.3305322128851541,1.98,3.09,3.24,2.37,96.32%
Strawberries,0.4285714285714286,2.66,2.59,3.99,3.62,88.01%
Strawberries,0.49019607843137253,2.62,3.87,2.57,3.12,57.77%
Strawberries,0.4705882352941177,2.62,3.12,3.12,2.37,50.94%
Strawberries,0.4369747899159664,3.0,4.37,4.24,2.99,109.77%
Strawberries,0.33333333333333337,2.37,2.47,3.0,2.5,88.69%
Strawberries,0.3137254901960785,2.74,3.99,3.5,3.0,154.42%
Strawberries,0.3977591036414566,3.12,3.5,4.49,4.49,143.75%
Strawberries,0.3781512605042017,3.37,4.62,3.99,3.37,150.82%
Strawberries,0.6358543417366946,3.49,4.49,5.74,4.37,84.59%
Strawberries,0.9019607843137254,4.74,3.99,5.66,5.99,49.85%
Strawberries,0.8571428571428572,4.18,4.49,5.24,5.49,49.69%
Strawberries,0.6890756302521008,4.49,4.49,4.66,4.99,76.42%
Strawberries,0.6274509803921569,4.99,4.37,4.24,5.49,97.21%
Strawberries,0.5854341736694677,4.16,3.54,4.49,5.24,91.96%
Strawberries,0.6050420168067226,3.49,4.16,4.12,4.24,71.05%
Strawberries,0.47338935574229696,3.49,4.12,3.49,3.25,91.84%
Strawberries,0.28291316526610644,3.24,3.74,3.24,2.75,172.48%
Strawberries,0.2661064425770308,3.19,3.62,3.62,3.37,205.31%
Strawberries,0.3249299719887956,3.32,3.62,3.74,3.49,164.37%
Strawberries,0.30532212885154064,3.16,2.99,2.0,3.62,131.69%
Strawberries,0.24369747899159666,3.49,3.12,3.49,3.25,217.86%
Strawberries,0.2408963585434174,3.74,3.0,3.12,3.37,218.03%
Strawberries,0.23249299719887956,3.49,2.87,2.75,3.25,205.94%
Strawberries,0.24369747899159666,3.36,2.84,3.24,3.24,201.90%
Strawberries,0.24369747899159666,3.24,3.25,3.49,3.62,223.81%
Strawberries,0.23809523809523814,3.33,2.75,3.49,3.37,214.08%
Strawberries,0.2408963585434174,3.24,3.24,3.49,3.24,217.55%
Strawberries,0.28291316526610644,2.62,2.54,3.49,2.87,142.02%
Strawberries,0.32212885154061627,2.37,2.66,3.37,3.05,115.23%
Strawberries,0.28291316526610644,2.33,2.91,3.66,2.87,147.27%
Strawberries,0.257703081232493,2.62,3.37,3.49,2.99,183.41%
Strawberries,0.22128851540616246,2.12,3.12,3.12,2.99,192.53%
Strawberries,0.1988795518207283,2.59,3.99,2.87,2.56,237.36%
Strawberries,0.1988795518207283,2.33,3.12,2.87,3.37,228.37%
Strawberries,0.24369747899159666,2.62,1.49,1.87,3.12,116.67%
Strawberries,0.23249299719887956,2.49,2.06,2.87,2.87,154.70%
Strawberries,0.22689075630252103,2.44,2.83,3.24,2.99,190.40%
Strawberries,0.21568627450980393,2.5,2.49,3.16,2.79,187.89%
Strawberries,0.24929971988795524,2.59,3.24,2.99,3.12,178.97%
Strawberries,0.2773109243697479,2.62,3.49,2.49,2.49,136.97%
Strawberries,0.2913165266106443,2.79,2.62,3.24,2.74,133.40%
Strawberries,0.288515406162465,2.12,2.31,2.87,2.62,104.96%
Strawberries,0.2745098039215686,2.62,2.68,2.06,2.74,117.67%
Strawberries,0.2801120448179272,2.74,2.99,2.5,2.74,132.42%
Strawberries,0.27170868347338933,2.74,2.99,2.87,2.74,146.52%
Strawberries,0.21568627450980393,2.37,3.62,2.5,1.99,175.79%
Strawberries,0.16526610644257705,2.87,3.24,2.44,2.74,266.56%
Strawberries,0.19047619047619047,2.53,2.74,2.06,2.62,189.24%
Strawberries,0.23249299719887956,2.57,3.37,3.24,2.84,197.52%
Strawberries,0.3697478991596639,2.41,2.79,2.0,2.74,65.67%
Strawberries,0.42296918767507,2.71,3.22,3.49,3.12,85.50%
Strawberries,0.4005602240896359,2.66,3.16,3.99,2.99,98.76%
Strawberries,0.4005602240896359,3.12,2.79,2.67,3.37,85.56%
Strawberries,0.4005602240896359,3.49,3.62,3.99,3.29,123.45%
Strawberries,0.4621848739495799,5.08,3.0,3.99,4.74,129.64%
Strawberries,0.7591036414565826,3.16,4.12,4.99,4.99,49.31%
Strawberries,0.8039215686274509,3.99,4.37,5.32,4.49,48.93%
Strawberries,0.9047619047619048,3.33,4.49,5.49,4.66,31.74%
Strawberries,0.8431372549019608,3.37,3.5,5.37,2.75,17.48%
Strawberries,0.8739495798319327,2.24,3.24,5.37,3.62,9.62%
Strawberries,0.6806722689075629,3.36,3.99,4.99,4.24,58.81%
Strawberries,0.6806722689075629,3.49,3.87,5.24,5.24,70.88%
Strawberries,0.6386554621848739,4.11,4.49,4.99,4.99,88.82%
Strawberries,0.6470588235294118,3.79,4.32,4.87,5.49,85.44%
Strawberries,0.6442577030812324,4.24,4.37,4.59,5.24,85.89%
Strawberries,0.5742296918767507,4.24,4.37,4.74,4.74,102.80%
Strawberries,0.5070028011204482,4.24,4.24,4.99,4.24,122.49%
Strawberries,0.4565826330532213,3.99,3.75,4.74,3.99,127.49%
Strawberries,0.3977591036414566,3.74,3.87,4.22,4.12,149.22%
Strawberries,0.44537815126050423,3.24,3.49,4.37,3.37,104.38%
Strawberries,0.4565826330532213,3.11,3.5,3.62,4.32,100.97%
Strawberries,0.3865546218487395,3.24,3.25,2.68,3.37,100.96%
Strawberries,0.2857142857142857,3.36,3.49,3.37,3.37,183.13%
Strawberries,0.2633053221288516,3.16,3.57,2.62,3.62,189.51%
Strawberries,0.24649859943977592,3.11,2.62,2.66,3.74,186.08%
Strawberries,0.2100840336134454,3.11,3.32,2.87,3.37,240.59%
Strawberries,0.22689075630252103,3.16,2.87,2.87,3.37,209.85%
Strawberries,0.2184873949579832,3.36,2.66,2.87,3.74,228.91%
Strawberries,0.24369747899159666,2.98,2.74,2.75,3.49,184.76%
Strawberries,0.319327731092437,2.74,2.99,2.68,2.74,111.17%
Strawberries,0.2969187675070028,2.83,2.86,2.68,2.5,119.15%
Strawberries,0.2408963585434174,2.69,3.25,2.87,2.87,180.77%
Strawberries,0.17647058823529416,2.56,2.39,2.75,2.41,212.04%
Strawberries,0.1400560224089636,2.49,2.91,1.87,3.24,286.40%
Strawberries,0.14285714285714285,2.99,2.27,2.68,3.37,309.78%
Strawberries,0.16246498599439774,2.49,2.57,2.49,2.37,226.32%
Strawberries,0.20448179271708689,1.99,2.45,2.99,2.99,186.26%
Strawberries,0.24369747899159666,2.33,2.12,2.99,2.25,130.71%
Strawberries,0.2184873949579832,2.56,2.74,1.83,2.99,163.54%
Strawberries,0.1988795518207283,2.32,2.16,3.0,2.66,184.83%
Strawberries,0.23529411764705882,2.74,2.37,3.0,2.87,169.12%
Strawberries,0.23529411764705882,2.5,3.75,2.99,2.99,199.75%
Strawberries,0.28291316526610644,2.74,2.56,2.75,2.87,129.41%
Strawberries,0.4005602240896359,2.59,2.99,2.7,2.12,61.49%
Strawberries,0.38375350140056025,3.12,2.54,2.17,2.62,68.55%
Strawberries,0.3557422969187675,2.37,3.49,2.7,2.87,97.07%
Strawberries,0.29411764705882354,2.5,2.99,2.25,2.12,100.41%
Strawberries,0.24929971988795524,2.87,2.74,2.66,2.37,148.60%
Strawberries,0.2184873949579832,2.49,3.12,2.62,2.54,180.47%
Strawberries,0.3025210084033614,2.87,2.5,2.0,3.04,106.55%
Strawberries,0.5070028011204482,2.49,3.49,3.19,3.49,59.05%
Strawberries,0.4397759103641457,2.86,3.26,2.37,2.62,58.71%
Strawberries,0.42016806722689076,2.83,3.37,3.62,2.99,90.63%
Strawberries,0.4481792717086835,2.94,2.62,3.75,3.49,79.78%
Strawberries,0.6806722689075629,2.74,3.33,4.62,3.12,32.28%
Strawberries,0.7086834733893557,2.61,2.32,4.32,3.74,19.83%
Strawberries,0.7871148459383753,2.87,3.24,4.49,4.24,24.08%
Strawberries,0.57703081232493,2.86,3.12,3.49,3.99,50.22%
Strawberries,0.6722689075630252,2.99,3.87,4.24,2.62,32.95%
Strawberries,0.6526610644257702,2.87,3.62,3.99,3.37,37.95%
Strawberries,0.5938375350140055,3.11,3.49,3.99,2.5,42.28%
Strawberries,0.38375350140056025,3.49,3.12,3.5,3.87,125.48%
Strawberries,0.3669467787114846,3.61,4.99,3.74,4.12,176.17%
Strawberries,0.6414565826330533,4.24,4.49,3.99,4.99,79.25%
Strawberries,0.7899159663865546,4.86,3.99,4.74,5.74,61.08%
Strawberries,0.8207282913165266,4.4,4.99,4.99,5.24,57.72%
Strawberries,0.7507002801120447,4.03,4.49,4.49,4.24,50.79%
Strawberries,0.599439775910364,3.66,3.12,3.74,3.74,53.66%
Strawberries,0.5182072829131652,3.71,3.49,3.67,3.12,72.29%
Strawberries,0.42016806722689076,3.16,3.74,3.89,3.37,110.71%
Strawberries,0.2801120448179272,2.78,3.87,3.79,3.74,200.42%
Strawberries,0.288515406162465,3.03,3.87,3.79,3.37,190.50%
Strawberries,0.30532212885154064,3.28,3.62,3.79,3.99,188.98%
Strawberries,0.3445378151260504,3.35,3.74,3.99,3.99,167.20%
Strawberries,0.4061624649859944,3.31,3.49,3.13,4.24,117.33%
Strawberries,0.3977591036414566,3.01,3.62,2.99,3.99,112.66%
Strawberries,0.40896358543417366,3.03,2.99,3.12,3.74,96.34%
Strawberries,0.3781512605042017,2.93,3.24,2.75,3.12,96.73%
Strawberries,0.3081232492997199,2.69,3.62,2.62,3.87,150.00%
Strawberries,0.2969187675070028,2.93,3.37,2.47,2.83,133.87%
Strawberries,0.2801120448179272,2.94,2.09,2.32,2.5,108.69%
Strawberries,0.2661064425770308,2.69,3.62,2.45,3.0,160.18%
Strawberries,0.2605042016806723,2.81,3.12,2.94,2.62,158.78%
Strawberries,0.24369747899159666,2.81,2.62,1.93,3.12,149.52%
Strawberries,0.2521008403361345,2.98,2.87,2.75,3.32,175.93%
Strawberries,0.28291316526610644,2.49,2.62,2.75,2.49,117.44%
Strawberries,0.2969187675070028,2.49,1.87,2.2,3.0,92.74%
Strawberries,0.2633053221288516,2.73,2.79,2.38,2.62,134.82%
Strawberries,0.20448179271708689,2.34,2.04,1.38,2.5,126.92%
Strawberries,0.2184873949579832,2.34,3.04,2.62,2.74,179.69%
Strawberries,0.17086834733893558,2.34,2.04,1.75,2.24,164.87%
Strawberries,0.17366946778711484,2.54,1.91,2.37,2.74,198.75%
Strawberries,0.21568627450980393,2.59,2.75,2.37,2.49,168.42%
Strawberries,0.23249299719887956,2.6,1.74,2.25,2.49,124.75%
Strawberries,0.2773109243697479,2.08,2.54,2.25,2.75,105.56%
Strawberries,0.27170868347338933,2.23,2.27,2.62,2.16,101.74%
Strawberries,0.25490196078431376,2.5,3.62,2.75,2.79,167.43%
Strawberries,0.3697478991596639,2.87,2.75,1.81,1.79,53.67%
Strawberries,0.36414565826330536,2.87,2.94,2.12,2.99,84.46%
Strawberries,0.30532212885154064,2.62,2.62,2.12,2.62,96.46%
Strawberries,0.2969187675070028,2.0,2.37,2.74,2.49,93.55%
Strawberries,0.29411764705882354,2.48,1.84,3.24,2.74,109.35%
Strawberries,0.2801120448179272,2.16,1.97,2.99,3.0,114.41%
Strawberries,0.3977591036414566,2.64,2.22,2.87,2.62,61.72%
Strawberries,0.45938375350140065,2.72,2.22,2.49,3.37,48.35%
Strawberries,0.4369747899159664,2.72,3.37,3.32,2.25,67.53%
Strawberries,0.4369747899159664,2.48,3.0,3.33,3.16,71.98%
Strawberries,0.3921568627450981,2.87,3.87,3.49,3.12,111.23%
Strawberries,0.4285714285714286,2.86,3.49,3.74,3.12,93.13%
Strawberries,0.4369747899159664,3.36,3.62,3.74,3.37,102.44%
Strawberries,0.4789915966386555,3.71,4.12,4.74,3.74,115.74%
Strawberries,0.6470588235294118,4.66,4.74,4.99,5.49,99.60%
Strawberries,0.9187675070028011,4.32,4.82,4.74,0.0,0.29%
Strawberries,0.8431372549019608,3.99,4.49,3.62,4.66,31.35%
Strawberries,0.6330532212885154,3.83,4.66,3.82,4.24,69.57%
Strawberries,0.5070028011204482,3.36,4.12,3.74,3.99,91.08%
Strawberries,0.4257703081232493,3.36,3.99,3.49,3.99,118.09%
Strawberries,0.5210084033613445,2.87,3.62,2.92,3.99,64.22%
Strawberries,0.4257703081232493,3.04,3.0,2.97,2.87,74.71%
Strawberries,0.23529411764705882,3.29,2.74,2.5,2.99,182.35%
Strawberries,0.22408963585434177,2.91,2.99,3.12,3.37,216.07%
Strawberries,0.24649859943977592,3.02,2.83,2.87,3.66,191.98%
Strawberries,0.257703081232493,3.24,3.16,2.99,3.12,184.32%
Strawberries,0.2605042016806723,3.24,3.24,2.62,3.62,186.49%
Strawberries,0.28291316526610644,3.24,3.12,3.12,3.99,182.98%
Strawberries,0.2969187675070028,3.18,3.07,2.99,3.37,154.23%
Strawberries,0.2969187675070028,3.06,3.0,2.68,4.24,161.69%
Strawberries,0.30532212885154064,2.93,3.12,2.99,3.87,154.13%
Strawberries,0.3305322128851541,2.87,2.99,2.62,3.24,115.44%
Strawberries,0.3137254901960785,2.74,2.49,2.99,3.37,122.88%
Strawberries,0.2801120448179272,2.32,2.74,2.99,3.24,139.19%
Strawberries,0.2605042016806723,2.87,2.69,2.62,3.12,154.50%
Strawberries,0.19607843137254904,2.38,2.59,3.32,2.99,220.45%
Strawberries,0.257703081232493,2.5,2.49,2.67,3.12,145.00%
Strawberries,0.24369747899159666,2.25,1.66,2.37,3.12,123.81%
Strawberries,0.2100840336134454,2.5,2.5,2.74,3.49,201.88%
Strawberries,0.2100840336134454,2.25,2.37,2.32,2.99,166.94%
Strawberries,0.23809523809523814,2.37,2.29,2.04,2.99,135.19%
Strawberries,0.24369747899159666,2.5,2.5,2.17,2.82,137.86%
Strawberries,0.22689075630252103,2.29,1.61,2.5,2.49,124.49%
Strawberries,0.17086834733893558,2.17,2.16,2.37,2.74,198.73%
Strawberries,0.16246498599439774,2.37,2.37,2.62,2.83,235.20%
Strawberries,0.18487394957983194,2.32,2.12,2.5,2.74,188.10%
Strawberries,0.2633053221288516,2.25,1.87,2.0,2.62,95.09%
Strawberries,0.2689075630252101,2.25,2.45,2.17,3.12,119.08%
Strawberries,0.27170868347338933,1.94,1.58,1.67,2.49,66.96%
Strawberries,0.22128851540616246,2.07,2.07,2.5,2.75,142.01%
Strawberries,0.19047619047619047,2.07,2.07,2.5,2.75,172.97%
Strawberries,0.23809523809523814,2.56,2.0,1.99,2.37,116.50%
Strawberries,0.22689075630252103,2.32,2.25,1.87,2.66,129.80%
Strawberries,0.23529411764705882,2.16,2.99,2.37,2.62,148.53%
Strawberries,0.22689075630252103,2.04,1.71,2.12,2.62,114.39%
Strawberries,0.2184873949579832,2.74,2.0,2.87,3.24,182.55%
Strawberries,0.2745098039215686,2.71,2.62,3.49,2.12,135.78%
Strawberries,0.4145658263305322,2.5,2.5,4.24,2.99,84.19%
Strawberries,0.4985994397759104,2.56,3.25,4.32,3.62,75.38%
Strawberries,0.5070028011204482,2.57,2.87,3.12,3.37,49.87%
Strawberries,0.5070028011204482,2.87,2.87,4.49,3.74,75.50%
Strawberries,0.4985994397759104,3.09,3.87,4.24,4.12,95.41%
Strawberries,0.4789915966386555,3.87,3.87,4.49,4.12,116.27%
Strawberries,0.5686274509803921,3.87,4.82,5.24,3.74,99.89%
Strawberries,0.6470588235294118,4.74,3.24,5.32,4.66,80.32%
Strawberries,0.8487394957983193,4.66,3.74,4.32,4.49,34.03%
Strawberries,0.0,4.65,5.49,4.49,5.99,"2,763.89%"
Strawberries,0.7478991596638656,4.61,3.74,4.49,5.24,58.60%
Strawberries,0.7170868347338936,4.36,4.24,5.16,4.99,71.08%
Strawberries,0.6050420168067226,4.99,4.24,4.87,5.74,111.97%
Strawberries,0.6806722689075629,5.32,4.49,4.87,5.74,95.59%
Strawberries,0.815126050420168,4.49,4.49,5.16,4.99,54.77%
Strawberries,0.7871148459383753,3.99,3.74,3.87,4.49,34.53%
Strawberries,0.6918767507002801,3.99,3.74,3.82,3.99,46.60%
Strawberries,0.588235294117647,3.33,3.37,3.74,3.99,58.22%
Strawberries,0.288515406162465,3.17,3.49,3.24,3.74,181.82%
Strawberries,0.3557422969187675,3.49,2.87,3.24,3.99,134.31%
Strawberries,0.3669467787114846,3.49,3.37,3.37,3.74,134.40%
Strawberries,0.3865546218487395,3.99,3.37,3.12,3.49,123.88%
Strawberries,0.4005602240896359,3.66,3.24,3.12,3.74,113.66%
Strawberries,0.3557422969187675,3.16,2.99,3.09,3.54,120.34%
Strawberries,0.3249299719887956,2.91,3.16,2.74,2.74,115.49%
Strawberries,0.2801120448179272,2.62,3.24,2.24,2.82,131.36%
Strawberries,0.2801120448179272,2.09,3.0,2.59,3.12,128.81%
Strawberries,0.2801120448179272,2.59,2.87,2.24,2.99,126.48%
Strawberries,0.24369747899159666,2.62,2.58,2.57,2.87,153.33%
Strawberries,0.1988795518207283,2.49,3.0,2.49,2.74,201.12%
Strawberries,0.1988795518207283,2.71,2.49,2.66,2.83,200.28%
Strawberries,0.2100840336134454,2.33,2.25,2.24,2.99,163.71%
Strawberries,0.23249299719887956,2.44,2.43,2.69,2.87,158.17%
Strawberries,0.22128851540616246,2.48,2.12,2.52,2.62,151.03%
Strawberries,0.2184873949579832,2.19,2.31,2.12,2.74,143.75%
Strawberries,0.22408963585434177,2.57,2.25,2.37,2.99,159.69%
Strawberries,0.22128851540616246,2.59,2.13,2.24,2.74,150.00%
Strawberries,0.2296918767507003,2.37,1.58,2.16,2.67,119.50%
Strawberries,0.2184873949579832,2.19,2.48,2.12,2.49,141.67%
Strawberries,0.19607843137254904,2.21,2.56,2.24,2.37,166.48%
Strawberries,0.22689075630252103,2.13,1.54,2.24,2.99,124.75%
Strawberries,0.21568627450980393,2.49,2.9,2.34,3.16,186.58%
Strawberries,0.17086834733893558,2.12,2.62,2.62,2.44,210.13%
Strawberries,0.1512605042016807,2.57,2.62,2.59,2.57,259.38%
Strawberries,0.23529411764705882,2.44,1.87,1.74,2.26,103.68%
Strawberries,0.257703081232493,2.24,2.94,2.47,2.57,132.27%
Strawberries,0.18207282913165262,2.61,2.22,2.74,2.27,196.39%
Strawberries,0.2184873949579832,2.62,2.62,3.16,3.37,206.51%
